{
 "213001 : pvppcoe":[19.050394, 72.878326],
 "vu1f1213 : Rcity":[19.099928, 72.916262],
 "Bandra : FashionStreet":[18.938455, 72.830165],
 "34890 : Bandstand":[19.050842, 72.821375],
 "Vikhroli : Bhivpuri":[18.970190, 73.331514],
 "1465: Andheri":[19.115576, 72.873040]
}
 